"SNP","CHROM","POS","A1","A2","MAF","Effect","SE","Seed.volume.MLM"
"id5002709",5,5341363,"A","T",0.387267904509284,-0.0748327460937119,0.0145984405911164,0.000000474873217589744
