"SNP","CHROM","POS","A1","A2","MAF","Effect","SE","Seed.volume.FarmCPU"
"id2015916",2,35008296,"C","T",0.481432360742706,0.0408857560376531,0.00828927839402442,0.000000034422312069421
"id4009867",4,29538486,"T","G",0.261273209549072,-0.0464605331755414,0.00895538033415762,0.0000000105835766668201
"id5002505",5,4790155,"A","T",0.220159151193634,-0.0511725861522962,0.0110012537579787,0.000000141312213611344
"id7001078",7,6775896,"A","T",0.477453580901857,-0.0516048837948908,0.0111318925249119,0.000000133082556573942
"id7004596",7,24844032,"C","T",0.0981432360742706,-0.0809025612444722,0.0160188896165417,0.0000000209529597694888
"id9002769",9,9832398,"T","G",0.464190981432361,-0.0393055246114673,0.00736453028919203,0.00000000856785466798788
"id10007176",10,22611907,"C","T",0.196286472148541,0.0394899607206219,0.00927046547100221,0.00000102738374894884
"id11005662",11,16144015,"G","C",0.013262599469496,0.139548411004534,0.0282934934573832,0.0000000232323611863049
