"SNP","CHROM","POS","A1","A2","MAF","Effect","SE","Seed.width.MLM"
"id5002664",5,5239714,"C","G",0.257294429708223,-0.135005150963472,0.0251121242376853,0.000000134120845106403
"id5002680",5,5270385,"A","C",0.257294429708223,-0.124697023378921,0.0246775741646394,0.000000680751136160204
"id5002687",5,5288577,"C","T",0.249336870026525,-0.13230338421889,0.0226279005533549,0.0000000109012585915195
"id5002699",5,5294319,"T","C",0.403183023872679,-0.135557648056469,0.0225654223266871,0.00000000446471309120091
"id5002705",5,5338183,"T","C",0.273209549071618,-0.155896057707814,0.0264718551550329,0.00000000863473117946773
"id5002709",5,5341363,"A","T",0.387267904509284,-0.177064205930076,0.0226987498082546,0.000000000000061742545325212
"id5002716",5,5343859,"A","G",0.397877984084881,-0.167194499416318,0.0221516790495088,0.0000000000003395986320086
"id5002748",5,5395415,"A","G",0.286472148541114,-0.140856983884696,0.0245113866708509,0.0000000188698541501768
"id5002751",5,5396733,"G","C",0.448275862068966,0.142146895930583,0.0199442068541698,0.00000000000529048525226156
"id5002756",5,5425317,"A","G",0.40053050397878,0.0876540330737079,0.0176121139178317,0.000000986552366414573
"id5002767",5,5429525,"T","C",0.241379310344828,-0.15873033624808,0.0293648297581493,0.000000115249904559288
"id5002773",5,5431746,"C","T",0.421750663129974,0.126762122468538,0.0197773057324358,0.000000000438929258524814
"id5002776",5,5441824,"T","C",0.310344827586207,-0.122639465323999,0.0243682609099819,0.000000751860397424
"id5002784",5,5443119,"T","C",0.437665782493369,0.141199609838406,0.0203575690026886,0.0000000000177621291531629
"id7004596",7,24844032,"C","T",0.0981432360742706,-0.175846737091216,0.0344473755919871,0.000000527656912374905
