"SNP","CHROM","POS","A1","A2","MAF","Effect","SE","Seed.width.FarmCPU"
"id5002751",5,5396733,"G","C",0.448275862068966,0.145832720816553,0.011543484636805,0.0000000000000000000000000000000092341751466749
"id5014324",5,28571865,"G","T",0.0954907161803713,-0.0939738082025157,0.0171305525620621,0.000000000266372032080498
"id9002769",9,9832398,"T","G",0.464190981432361,-0.0492080514174681,0.0102715523884173,0.0000000948128701078255
"ud10000249",10,3753712,"G","A",0.212201591511936,-0.0776628054899193,0.0152965220580145,0.0000000200003729621663
"id10006299",10,19737153,"C","T",0.316976127320955,0.09011626709176,0.0173823925399497,0.00000000482776349029959
